Class,TimeAccLoz1Dol-min(x),TimeAccLoz1Dol-max(x),TimeAccLoz1Dol-mean(x),TimeAccLoz1Dol-rms(x),TimeAccLoz1Dol-std(x),FFTAccSignal1-PeakTrackFilter(x_BaseFrequency_0_25000_DataPointsNumber),FFTAccSignal1-PeakTrackFilter(x_BaseFrequency_1_25000_DataPointsNumber),FFTAccSignal1-PeakTrackFilterRange(x_400_600_25000_DataPointsNumber),FFTAccSignal1-PeakTrackFilterRange(x_1000_1400_25000_DataPointsNumber),FFTAccSignal1-PeakTrackFilterRange(x_4700_5600_25000_DataPointsNumber),FFTAccSignal1-RMSFilter(x_400_600_25000_DataPointsNumber),FFTAccSignal1-RMSFilter(x_1000_1400_25000_DataPointsNumber),FFTAccSignal1-RMSFilter(x_4700_5600_25000_DataPointsNumber),TimeAccLoz1Gor-min(x),TimeAccLoz1Gor-max(x),TimeAccLoz1Gor-mean(x),TimeAccLoz1Gor-rms(x),TimeAccLoz1Gor-std(x),FFTAccSignal2-PeakTrackFilter(x_BaseFrequency_0_25000_DataPointsNumber),FFTAccSignal2-PeakTrackFilter(x_BaseFrequency_1_25000_DataPointsNumber),FFTAccSignal2-PeakTrackFilterRange(x_400_600_25000_DataPointsNumber),FFTAccSignal2-PeakTrackFilterRange(x_1000_1400_25000_DataPointsNumber),FFTAccSignal2-PeakTrackFilterRange(x_4700_5600_25000_DataPointsNumber),FFTAccSignal2-RMSFilter(x_400_600_25000_DataPointsNumber),FFTAccSignal2-RMSFilter(x_1000_1400_25000_DataPointsNumber),FFTAccSignal2-RMSFilter(x_4700_5600_25000_DataPointsNumber),TimeAccOsZ-min(x),TimeAccOsZ-max(x),TimeAccOsZ-mean(x),TimeAccOsZ-rms(x),TimeAccOsZ-std(x),FFTAccSignal3-PeakTrackFilter(x_BaseFrequency_0_25000_DataPointsNumber),FFTAccSignal3-PeakTrackFilter(x_BaseFrequency_1_25000_DataPointsNumber),FFTAccSignal3-PeakTrackFilterRange(x_400_600_25000_DataPointsNumber),FFTAccSignal3-PeakTrackFilterRange(x_1000_1400_25000_DataPointsNumber),FFTAccSignal3-PeakTrackFilterRange(x_4700_5600_25000_DataPointsNumber),FFTAccSignal3-RMSFilter(x_400_600_25000_DataPointsNumber),FFTAccSignal3-RMSFilter(x_1000_1400_25000_DataPointsNumber),FFTAccSignal3-RMSFilter(x_4700_5600_25000_DataPointsNumber),TimeAccProbka-min(x),TimeAccProbka-max(x),TimeAccProbka-mean(x),TimeAccProbka-rms(x),TimeAccProbka-std(x),FFTAccSignal4-PeakTrackFilter(x_BaseFrequency_0_25000_DataPointsNumber),FFTAccSignal4-PeakTrackFilter(x_BaseFrequency_1_25000_DataPointsNumber),FFTAccSignal4-PeakTrackFilterRange(x_400_600_25000_DataPointsNumber),FFTAccSignal4-PeakTrackFilterRange(x_1000_1400_25000_DataPointsNumber),FFTAccSignal4-PeakTrackFilterRange(x_4700_5600_25000_DataPointsNumber),FFTAccSignal4-RMSFilter(x_400_600_25000_DataPointsNumber),FFTAccSignal4-RMSFilter(x_1000_1400_25000_DataPointsNumber),FFTAccSignal4-RMSFilter(x_4700_5600_25000_DataPointsNumber),TimeMicSignal-min(x),TimeMicSignal-max(x),TimeMicSignal-mean(x),TimeMicSignal-rms(x),TimeMicSignal-std(x),FFTMic-RMSFilter(x_10_500_25000_16000),FFTMic-RMSFilter(x_500_1000_25000_16000),FFTMic-RMSFilter(x_1000_2000_25000_16000),FFTMic-RMSFilter(x_2000_3000_25000_16000),FFTMic-RMSFilter(x_3000_4000_25000_16000),FFTMic-RMSFilter(x_4000_5000_25000_16000),FFTMic-RMSFilter(x_5000_6000_25000_16000),FFTMic-RMSFilter(x_6000_7000_25000_16000),FFTMic-RMSFilter(x_7000_8000_25000_16000),FFTMic-RMSFilter(x_8000_9000_25000_16000),FFTMic-RMSFilter(x_9000_10000_25000_16000),FFTMic-RMSFilter(x_10000_11000_25000_16000),FFTMic-RMSFilter(x_11000_12500_25000_16000)
3,-86.077,80.264,0.0014246,5.4215,5.4215,0.017912,0.026676,0.54223,0.42202,0.20484,0.067271,0.078277,0.045294,-69.109,74.404,-0.0020358,4.7011,4.7011,0.014007,0.015615,0.6158,0.29254,0.078169,0.070684,0.05463,0.019784,-39.506,38.377,0.0028765,2.9022,2.9022,0.003334,0.0046532,0.087825,0.11688,0.044881,0.014572,0.017528,0.011697,-388.88,220.01,-2.032,31.081,31.015,0.5265,0.92035,2.5645,0.50926,0.25345,0.26702,0.088463,0.05063,-3.8609,3.6853,0.00042877,0.56006,0.56007,0.0058043,0.0093883,0.0036318,0.0048658,0.0037547,0.0035561,0.0035201,0.006601,0.018573,0.010652,0.0037457,0.0034482,0.0021153
3,-43.962,39.018,0.0028821,3.2948,3.2948,0.016918,0.029615,0.20254,0.17954,0.11225,0.03899,0.045664,0.025739,-38.881,44.694,-0.00094223,2.8954,2.8954,0.013233,0.017959,0.22888,0.11824,0.050959,0.041157,0.032022,0.012424,-33.677,25.422,0.0036311,1.9204,1.9204,0.0022244,0.0091947,0.044108,0.04327,0.026883,0.010439,0.013229,0.0065521,-318.25,237.17,0.65719,16.15,16.137,0.14092,0.20504,0.57238,0.46965,0.15279,0.13849,0.077927,0.05073,-3.8263,4.5231,0.00021119,0.58268,0.58268,0.012242,0.0088298,0.0043014,0.005602,0.004929,0.0036307,0.0037277,0.010069,0.02071,0.0097703,0.0041748,0.0044797,0.003598
3,-42.314,46.022,-0.00037412,3.5775,3.5775,0.014491,0.02674,0.15618,0.16961,0.11595,0.037623,0.047442,0.030622,-39.171,49.791,0.0014979,3.1042,3.1042,0.013519,0.015461,0.17101,0.11701,0.053331,0.039066,0.033618,0.013564,-30.58,34.577,-4.8843e-05,2.2748,2.2748,0.0034007,0.003152,0.04012,0.051722,0.028266,0.010204,0.01426,0.006963,-362.59,251.14,-1.4164,27.877,27.841,0.24629,0.63069,1.185,0.41323,0.18966,0.22105,0.08493,0.036126,-3.2735,3.7025,0.00056076,0.55111,0.55111,0.0060806,0.0075615,0.0041163,0.0051052,0.0047009,0.0040922,0.0049279,0.010335,0.018254,0.010048,0.0046008,0.0044508,0.0038724
3,-69.369,42.482,0.00040242,3.1787,3.1787,0.015641,0.027554,0.16948,0.14091,0.096179,0.037149,0.042214,0.025564,-46.525,39.186,0.0022652,2.8765,2.8765,0.014018,0.017365,0.1869,0.095377,0.050802,0.038859,0.029984,0.013279,-27.589,25.773,-0.00090705,1.9736,1.9737,0.0068682,0.0027355,0.042234,0.042228,0.019664,0.0096937,0.013168,0.0057201,-329.77,280.66,0.02319,27.042,27.042,0.71437,0.4557,0.88489,0.48035,0.064166,0.18719,0.090068,0.014366,-4.3273,3.6968,-8.5596e-05,0.54587,0.54587,0.0097916,0.0076128,0.0046144,0.0054876,0.005366,0.0039216,0.0050471,0.0088806,0.01859,0.010446,0.0035324,0.003793,0.0026055
3,-23.942,28.123,-1.7079e-05,2.816,2.8161,0.016927,0.023635,0.13185,0.15126,0.087598,0.035506,0.039413,0.020857,-25.529,20.402,0.0002038,2.4813,2.4813,0.012725,0.012064,0.14735,0.09997,0.036198,0.037086,0.02779,0.0098289,-17.121,18.25,0.00040998,1.6091,1.6091,0.0073553,0.0080966,0.041244,0.039006,0.019312,0.0099405,0.01195,0.0052398,-241.07,183.49,0.70868,15.831,15.815,0.032269,0.034701,0.4361,0.45399,0.12584,0.10508,0.06905,0.040004,-3.9127,3.1728,0.00025584,0.52518,0.52518,0.010801,0.0095438,0.0042979,0.0056684,0.0078597,0.0038688,0.0053606,0.0080323,0.017327,0.0093477,0.0034456,0.0029228,0.0018015
3,-68.163,63.54,0.0034034,3.3718,3.3719,0.017638,0.027298,0.16997,0.18149,0.12641,0.037413,0.042457,0.029741,-56.963,64.867,0.0031331,2.8933,2.8933,0.01261,0.014619,0.18451,0.12388,0.057753,0.038938,0.030194,0.014455,-46.159,44.481,0.0029364,2.0649,2.0649,0.0035287,0.0055727,0.043844,0.036944,0.038255,0.010039,0.012269,0.0083448,-411.97,340.33,-1.1148,26.783,26.759,0.76678,0.38627,0.38827,0.3455,0.17305,0.10756,0.070597,0.054109,-3.5816,3.7745,0.00046523,0.55816,0.55817,0.014675,0.010543,0.0048985,0.005543,0.0074162,0.004162,0.0050154,0.0084972,0.017997,0.0098798,0.0036919,0.00341,0.0020235
3,-58.611,56.154,0.0017445,4.1982,4.1982,0.018786,0.023913,0.24006,0.35604,0.13677,0.048927,0.062242,0.034173,-51.012,49.669,0.0017234,3.5931,3.5931,0.012296,0.012169,0.27782,0.24143,0.057901,0.051526,0.043555,0.015968,-35.096,38.331,0.0023852,2.5201,2.5201,0.0030005,0.0048567,0.057543,0.07119,0.036706,0.012356,0.016089,0.009353,-213.19,201.59,0.69324,13.575,13.558,0.040465,0.014465,0.97391,0.36006,0.12904,0.17154,0.072944,0.035903,-4.4108,4.4597,0.00030004,0.59971,0.59971,0.015843,0.0092826,0.0045554,0.0049645,0.0069499,0.0038905,0.00476,0.0086652,0.019225,0.010987,0.0033672,0.0038419,0.0042492
3,-59.42,67.492,0.0030401,3.9846,3.9846,0.016346,0.02338,0.21089,0.23218,0.12579,0.047014,0.058823,0.032516,-42.1,53.407,0.0016845,3.4487,3.4487,0.013037,0.013111,0.2383,0.15943,0.059913,0.049902,0.041298,0.014921,-34.547,38.56,-0.00070108,2.324,2.324,0.0035262,0.0050973,0.055751,0.054013,0.033258,0.011603,0.015108,0.0086198,-289.85,281.4,0.082667,30.852,30.852,0.2072,0.28199,0.7904,0.41658,0.062817,0.16686,0.075397,0.014916,-4.7707,4.7304,0.00065661,0.59417,0.59417,0.010567,0.010775,0.004902,0.0051464,0.0084452,0.0040191,0.0046659,0.0086357,0.021045,0.0097049,0.003713,0.0046374,0.0041715
3,-83.743,85.055,0.0035804,4.7819,4.782,0.017598,0.026763,0.18366,0.16593,0.096939,0.039096,0.042146,0.023705,-79.363,74.053,0.0023736,4.1198,4.1198,0.011744,0.014263,0.19923,0.11394,0.043819,0.041512,0.030037,0.010513,-60.625,54.155,0.00123,3.2972,3.2972,0.0017192,0.0043714,0.036196,0.035937,0.021678,0.008349,0.011421,0.0059752,-401.38,293.62,-0.31256,23.257,23.255,0.0063556,0.0021188,0.60773,0.46832,0.081785,0.12964,0.071226,0.025604,-4.8858,5.1651,0.00040198,0.56168,0.56169,0.0068277,0.010169,0.0045276,0.0047536,0.0086611,0.0034958,0.0047441,0.0071144,0.016295,0.0069842,0.0033454,0.003159,0.0019155
3,-62.517,68.361,0.0032481,4.2587,4.2587,0.017344,0.026001,0.23507,0.1926,0.141,0.050023,0.055398,0.037454,-65.828,57.588,0.0013018,3.7328,3.7328,0.012343,0.013483,0.25903,0.12908,0.070105,0.052498,0.039613,0.017382,-45.473,47.38,0.0021261,2.7426,2.7426,0.0047013,0.0069105,0.050206,0.078014,0.034994,0.011417,0.016267,0.010515,-316.74,276.86,0.040926,28.053,28.053,0.097381,0.056699,0.85783,0.39129,0.13652,0.18262,0.078668,0.046103,-5.3724,5.0183,0.00049462,0.60942,0.60942,0.0077706,0.01062,0.004989,0.0048568,0.0084453,0.0035167,0.004806,0.0091586,0.02271,0.0092679,0.003486,0.0042052,0.0037752
3,-67.37,60.595,0.0012527,4.4051,4.4051,0.018546,0.024469,0.26624,0.25115,0.13626,0.050982,0.061146,0.037818,-45.701,50.34,0.0023267,3.7776,3.7776,0.011908,0.013501,0.30409,0.16986,0.085617,0.053224,0.043215,0.017456,-39.476,40.147,0.00048522,2.641,2.641,0.0040997,0.0043958,0.064971,0.059167,0.041465,0.012378,0.015859,0.010127,-333.98,275.35,-2.5911,34.28,34.182,0.15087,0.098533,1.1574,0.37319,0.13658,0.18999,0.078209,0.040254,-5.43,6.5644,0.00030642,0.60103,0.60103,0.0071806,0.01035,0.0054206,0.0047862,0.0078265,0.0038964,0.0042431,0.008731,0.022427,0.0088142,0.0032581,0.0044241,0.0048923
3,-40.88,39.491,0.0058956,3.2739,3.2739,0.018284,0.022878,0.12886,0.17879,0.13403,0.034425,0.046525,0.02957,-41.215,35.081,0.0037712,2.8451,2.8451,0.012534,0.012709,0.13962,0.13866,0.048404,0.035718,0.033102,0.014267,-28.672,33.738,0.0026641,2.1394,2.1394,0.0055806,0.0063037,0.032778,0.051329,0.030954,0.0078932,0.012312,0.0080272,-320.73,282.27,0.76794,15.898,15.88,0.040346,0.017438,0.60122,0.36067,0.10538,0.12776,0.068108,0.018318,-3.5931,3.524,0.00098903,0.50654,0.50654,0.0077563,0.010332,0.0043404,0.00558,0.0081319,0.0036497,0.0045241,0.0087512,0.01854,0.0060335,0.0031607,0.0044002,0.0028705
3,-55.208,46.846,0.0035499,3.6414,3.6414,0.017991,0.024813,0.17736,0.18071,0.12154,0.035858,0.046387,0.031245,-40.895,45.137,0.002082,3.1608,3.1608,0.012511,0.015314,0.20016,0.12122,0.05817,0.037258,0.033044,0.014847,-38.621,32.579,0.00072665,2.3365,2.3365,0.005858,0.0046329,0.029312,0.039741,0.028981,0.0079242,0.012523,0.0085791,-393.89,209.28,-2.1273,34.115,34.049,0.14119,0.067008,0.71644,0.32454,0.1394,0.11473,0.059806,0.033585,-3.4175,3.5125,0.00041328,0.5099,0.5099,0.0089799,0.010195,0.0055832,0.0050635,0.0068754,0.0043732,0.0042088,0.0087326,0.016994,0.00602,0.0031021,0.0037822,0.0041789
3,-38.331,47.685,0.0030395,3.4841,3.4841,0.01846,0.020373,0.15232,0.17072,0.13617,0.03433,0.045136,0.031117,-39.201,34.989,0.0021775,2.9381,2.9382,0.012366,0.00997,0.16103,0.11675,0.058952,0.035835,0.031846,0.015455,-29.328,34.257,0.0017949,2.1334,2.1334,0.0058366,0.0035325,0.022314,0.052334,0.030575,0.0070121,0.012471,0.008466,-336.79,207.51,-0.7983,35.006,34.997,0.38485,0.08057,0.54732,0.32415,0.22573,0.097332,0.053782,0.06521,-2.9943,2.9165,0.00093708,0.47822,0.47822,0.0095634,0.010589,0.0047592,0.0049247,0.0067229,0.0048054,0.0044169,0.008925,0.015366,0.0065081,0.0032483,0.0035931,0.0034342
3,-93.631,80.035,0.0024594,4.1946,4.1946,0.017556,0.023472,0.18166,0.28998,0.17652,0.042651,0.062402,0.03554,-62.319,52.232,0.0022176,3.5598,3.5598,0.012679,0.012498,0.20792,0.19648,0.061853,0.044063,0.04356,0.016726,-43.306,34.684,0.0025957,2.611,2.611,0.0046399,0.0042731,0.043186,0.061056,0.04187,0.011026,0.015595,0.0096193,-307.31,228.23,0.39703,35.798,35.796,0.48464,0.85586,0.65135,0.31814,0.28423,0.14084,0.054938,0.089306,-6.2102,4.7678,0.00071596,0.55338,0.55338,0.008343,0.010055,0.0049347,0.0049897,0.0073189,0.004507,0.004735,0.0095207,0.019194,0.010129,0.0037035,0.0042568,0.0039162
3,-38.621,47.609,0.001082,3.6848,3.6848,0.01765,0.021158,0.20611,0.15873,0.14762,0.035863,0.046648,0.034169,-44.633,44.557,0.001446,3.0852,3.0853,0.012142,0.0093256,0.231,0.11268,0.063076,0.037343,0.033156,0.017089,-41.841,43.748,0.0011708,2.222,2.222,0.0075259,0.0086911,0.030465,0.039726,0.045653,0.0078745,0.012933,0.0097529,-343.85,500.0,6.4042,72.58,72.297,1.829,0.35472,0.36534,0.2772,0.32266,0.078335,0.059504,0.097491,-3.7515,3.2505,0.00076179,0.49915,0.49915,0.0080539,0.010381,0.0045528,0.005705,0.0076758,0.0041297,0.0043276,0.010835,0.01548,0.0078125,0.0034656,0.0036333,0.0027287
3,-66.286,76.235,0.0043577,3.9173,3.9173,0.017823,0.029394,0.16116,0.17315,0.10983,0.034961,0.044511,0.02681,-57.054,63.112,0.0019614,3.4868,3.4868,0.011565,0.017033,0.184,0.11369,0.054766,0.036407,0.031655,0.01279,-68.148,49.394,0.0024127,2.6659,2.6659,0.0022422,0.0060992,0.024598,0.039758,0.024149,0.0076092,0.012763,0.0072446,-437.24,412.11,-2.8473,38.158,38.051,1.3875,0.60444,0.28308,0.27978,0.36812,0.072989,0.049523,0.095468,-4.192,3.8954,0.00036764,0.52232,0.52232,0.0074532,0.01084,0.0045754,0.0049727,0.007759,0.0043365,0.0044887,0.0094029,0.014735,0.0084584,0.0036982,0.0035542,0.0025395
3,-41.78,45.915,0.0015732,3.5237,3.5237,0.017634,0.019936,0.16788,0.15615,0.13852,0.033889,0.04381,0.030962,-38.087,37.37,6.2946e-05,2.9855,2.9855,0.011619,0.0090613,0.18459,0.11878,0.058266,0.035469,0.031264,0.0143,-25.529,25.651,0.0017473,2.0023,2.0023,0.0067793,0.0031154,0.028825,0.04693,0.028623,0.0079876,0.012568,0.0081211,-379.65,289.94,-3.3675,53.979,53.874,0.46149,0.50984,0.27199,0.3155,0.27624,0.079345,0.048526,0.070452,-3.0634,3.262,0.0002664,0.51063,0.51063,0.0090047,0.011244,0.0051627,0.0053101,0.0078617,0.0042653,0.0046719,0.0087755,0.016594,0.0079047,0.0034588,0.0049835,0.0046863
3,-46.77,41.963,0.00060729,3.5631,3.5631,0.018224,0.018702,0.14156,0.18496,0.13554,0.0375,0.047677,0.030591,-43.092,38.392,0.00042313,3.1339,3.1339,0.01117,0.0071557,0.15987,0.12359,0.052774,0.039479,0.034075,0.014001,-27.97,34.379,0.0024152,2.6264,2.6264,0.0050437,0.0018664,0.031511,0.044787,0.040506,0.0085045,0.013248,0.0085738,-323.27,360.71,2.2664,55.697,55.651,1.7536,0.47051,0.43863,0.3336,0.14877,0.091277,0.055082,0.043833,-3.3369,3.5528,0.00024528,0.49767,0.49767,0.0080635,0.010745,0.0043654,0.0048417,0.007656,0.0042086,0.0047455,0.010004,0.016007,0.0077823,0.0033615,0.003845,0.0030383
3,-41.719,44.572,0.0029175,3.7267,3.7267,0.017039,0.021903,0.1579,0.17226,0.12979,0.036623,0.047618,0.033429,-44.954,39.232,0.001612,3.2096,3.2096,0.012665,0.0093726,0.16935,0.12043,0.054453,0.038481,0.03385,0.016311,-43.825,37.614,0.00049816,2.3019,2.3019,0.0083193,0.006199,0.031464,0.048453,0.032163,0.008982,0.013396,0.0092877,-319.36,310.6,-0.49406,39.981,39.978,0.67634,1.3903,0.43586,0.35811,0.062018,0.1002,0.06344,0.018178,-3.4117,3.2448,0.00026618,0.50863,0.50863,0.0079458,0.011552,0.0046176,0.0052074,0.008361,0.0043634,0.0049074,0.0087937,0.016646,0.0078288,0.0034052,0.0043219,0.0028634
3,-40.147,48.143,0.0037183,3.2633,3.2633,0.017699,0.020567,0.20144,0.15548,0.10594,0.03657,0.045333,0.026871,-44.862,39.506,-0.0016436,3.0725,3.0725,0.011713,0.0099304,0.2244,0.11002,0.047991,0.038809,0.032114,0.01301,-38.82,43.626,0.0023862,2.7865,2.7865,0.0062077,0.0046331,0.038939,0.046747,0.02328,0.0089237,0.012323,0.0071031,-296.91,206.05,0.032495,19.284,19.285,0.047739,0.04911,0.43064,0.36092,0.11796,0.10968,0.061327,0.034383,-3.5528,3.8091,0.00061494,0.48896,0.48896,0.0045898,0.009115,0.0035807,0.0048258,0.004438,0.0031586,0.0033124,0.006952,0.015685,0.0088489,0.0039334,0.0051516,0.0039846
3,-36.988,40.773,0.003798,3.1771,3.1771,0.016019,0.020273,0.21092,0.14121,0.11182,0.037662,0.044387,0.02702,-40.727,34.211,0.00037626,2.8622,2.8622,0.012381,0.009517,0.23635,0.10231,0.049104,0.039742,0.031363,0.01336,-35.295,27.512,0.0028301,2.0897,2.0897,0.0059863,0.0070786,0.039138,0.046707,0.022788,0.0095068,0.012223,0.0067659,-180.73,212.12,-0.023133,16.505,16.505,0.047901,0.028052,0.5525,0.33846,0.14699,0.11726,0.064516,0.043357,-3.8033,3.5557,0.00065257,0.50356,0.50356,0.0053525,0.007504,0.0042216,0.0045617,0.0049048,0.0039051,0.003991,0.0086651,0.01816,0.0096066,0.0038721,0.0037794,0.0038127
3,-42.634,47.151,0.0018873,2.85,2.85,0.01598,0.025941,0.17527,0.16005,0.091319,0.033693,0.039156,0.022324,-33.006,42.97,-0.00025124,3.1284,3.1284,0.01157,0.013516,0.19233,0.11183,0.036602,0.035006,0.027548,0.0094288,-47.578,48.25,0.0013912,4.3885,4.3885,0.0042766,0.0015018,0.040139,0.038204,0.015373,0.0090071,0.011465,0.0047106,-298.47,287.85,0.02553,41.194,41.194,0.055256,0.059159,0.36194,0.38246,0.097092,0.1023,0.063259,0.029713,-4.0135,3.786,0.00031415,0.48526,0.48526,0.0066569,0.0060638,0.003753,0.0044087,0.0051255,0.0042902,0.0050057,0.008002,0.016713,0.0076027,0.0039366,0.0030584,0.0021063
3,-84.384,89.694,0.00091944,3.5222,3.5222,0.015272,0.022452,0.17459,0.13289,0.1096,0.036405,0.039234,0.023557,-56.352,63.417,0.00033367,3.4129,3.4129,0.012283,0.010752,0.1936,0.098732,0.050381,0.037943,0.027581,0.011124,-64.013,54.369,0.00071796,3.6978,3.6978,0.0047111,0.0057533,0.039816,0.040697,0.022435,0.0097781,0.012428,0.0061372,-368.76,280.36,-0.008161,21.309,21.309,0.0038625,0.0087481,0.50856,0.37947,0.037188,0.1105,0.060855,0.009037,-4.2265,3.8235,0.00011156,0.5438,0.5438,0.0079585,0.010055,0.0038984,0.005097,0.0076745,0.0042869,0.0047192,0.0091921,0.017738,0.009871,0.0030986,0.0032019,0.0022871
3,-85.376,77.624,0.003654,2.781,2.781,0.017824,0.022992,0.094349,0.090883,0.067071,0.023364,0.02539,0.015685,-63.982,61.632,-0.00027904,2.6371,2.6371,0.011367,0.011605,0.10197,0.061879,0.045681,0.023861,0.017803,0.0075943,-47.899,53.255,0.0018518,2.8683,2.8683,0.0047334,0.0047567,0.025751,0.027372,0.017711,0.0062364,0.0080923,0.0039715,-322.24,253.15,-0.0077218,20.782,20.782,0.0090991,0.0048261,0.27644,0.28853,0.091814,0.062506,0.045001,0.02687,-4.1776,3.5154,0.00026004,0.42496,0.42496,0.0071485,0.010513,0.0051996,0.0059367,0.0061786,0.0030934,0.0034627,0.006174,0.011496,0.0043774,0.0025356,0.002436,0.0013162
3,-86.184,104.83,0.00048953,4.123,4.123,0.018,0.02457,0.1398,0.12485,0.10247,0.030155,0.031122,0.026872,-62.746,72.985,0.00060255,3.6028,3.6028,0.011538,0.012636,0.15479,0.085863,0.048077,0.031101,0.021776,0.012612,-58.992,70.971,0.0017548,3.4905,3.4905,0.0076972,0.011157,0.032428,0.032208,0.02872,0.007562,0.0086821,0.0070802,-423.9,362.62,0.0073485,32.261,32.261,0.014971,0.0072456,0.41044,0.27337,0.10791,0.088759,0.047706,0.034164,-4.5634,4.6354,0.0011241,0.4868,0.4868,0.0063484,0.01151,0.0057932,0.0067862,0.0067694,0.0029666,0.0037421,0.0062673,0.012113,0.0073738,0.0026438,0.0024497,0.0016509
3,-141.22,121.04,0.0038588,5.2606,5.2606,0.01888,0.025119,0.18038,0.15218,0.23357,0.034286,0.032903,0.038996,-99.2,90.213,0.0011236,4.7995,4.7995,0.011626,0.01298,0.20206,0.104,0.11906,0.035134,0.023087,0.019428,-66.424,75.488,0.0014535,4.581,4.581,0.0030922,0.0060954,0.03994,0.037868,0.068857,0.0091712,0.0092,0.011358,-361.45,307.66,-0.0031521,30.666,30.666,0.012117,0.020538,0.61002,0.25186,0.10054,0.12902,0.055359,0.032608,-6.0576,5.6776,0.00053067,0.5332,0.5332,0.0056631,0.011611,0.005884,0.0051585,0.0075988,0.0033564,0.003587,0.0059248,0.013235,0.0097168,0.00228,0.0020691,0.0011844
3,-64.745,71.078,0.0026228,3.1674,3.1674,0.017371,0.027014,0.1431,0.11682,0.085926,0.028126,0.030942,0.019835,-55.834,59.145,0.002947,2.8457,2.8457,0.012429,0.01515,0.16233,0.080793,0.056828,0.029307,0.021929,0.0099289,-55.62,51.943,0.0033256,2.5007,2.5007,0.0093422,0.005081,0.026545,0.026045,0.019343,0.006955,0.0087661,0.0056148,-282.86,222.51,-0.00056849,11.756,11.756,0.0085298,0.0098802,0.39044,0.30633,0.051928,0.093825,0.056577,0.010799,-4.2467,4.8023,0.00042827,0.49813,0.49813,0.006535,0.011248,0.0065348,0.00919,0.0077141,0.0037052,0.0037039,0.0073181,0.01358,0.0060948,0.0028949,0.0024352,0.0017449
3,-85.955,99.277,0.003916,3.3305,3.3305,0.018312,0.028176,0.14244,0.10876,0.062189,0.025514,0.028828,0.01682,-70.605,63.616,0.0015108,3.2699,3.2699,0.011756,0.016529,0.15146,0.077524,0.049241,0.026556,0.020306,0.0079516,-54.567,52.065,0.0005997,3.9171,3.9171,0.0034633,0.0061636,0.023423,0.029604,0.014146,0.0057973,0.007742,0.0042779,-318.75,311.61,0.0020271,41.395,41.395,0.0055258,0.0085617,0.43836,0.32556,0.058681,0.0848,0.049651,0.01738,-4.8801,5.1651,0.000455,0.4597,0.4597,0.0067217,0.010322,0.0061723,0.005562,0.0070632,0.0037705,0.0032554,0.0057767,0.011732,0.0044223,0.0024245,0.0024509,0.0012199
3,-87.024,89.557,0.00081722,4.0566,4.0566,0.018265,0.025904,0.11297,0.14191,0.095077,0.028541,0.033823,0.023064,-76.952,71.368,0.0013245,3.7899,3.7899,0.011935,0.014909,0.1233,0.099967,0.046742,0.029696,0.023806,0.011174,-71.688,74.496,0.0037044,3.884,3.884,0.0072523,0.0057081,0.028332,0.030336,0.025271,0.006782,0.0088695,0.0061136,-282.57,285.76,0.0044618,32.906,32.906,0.017186,0.008049,0.44679,0.30144,0.12171,0.10599,0.053805,0.031667,-6.0116,6.0001,0.00046237,0.5199,0.5199,0.0065463,0.011155,0.0067505,0.0067229,0.0064176,0.0035337,0.0035463,0.0063807,0.012529,0.005433,0.0025716,0.0024253,0.0013034
3,-93.493,146.24,0.0039855,4.2594,4.2594,0.018307,0.024917,0.16169,0.1449,0.085075,0.031051,0.034816,0.023741,-63.005,79.974,0.0020433,3.7805,3.7805,0.01127,0.013671,0.18179,0.095587,0.038234,0.032742,0.024386,0.011808,-64.135,80.493,0.0020042,3.6465,3.6465,0.0058441,0.0053102,0.03546,0.043365,0.025647,0.0069253,0.0088541,0.0069933,-406.66,315.29,0.018227,18.881,18.881,0.033842,0.027782,0.52947,0.28061,0.10005,0.11162,0.047635,0.028065,-5.2141,5.6114,0.00018288,0.51541,0.51541,0.0081654,0.01133,0.0064369,0.0092317,0.0061748,0.003365,0.0034702,0.0055618,0.0122,0.0066472,0.0022346,0.0023833,0.0015528
3,-97.385,122.26,0.0029267,4.5965,4.5965,0.018185,0.024812,0.15101,0.13459,0.14068,0.030967,0.034787,0.033508,-81.408,93.326,0.003527,4.2118,4.2118,0.011499,0.01223,0.16859,0.091396,0.074031,0.032117,0.024506,0.017279,-80.844,79.47,0.002815,4.3659,4.3659,0.0037324,0.0060213,0.033366,0.031347,0.040913,0.0078023,0.0088461,0.0097828,-384.27,314.22,-0.0048562,34.402,34.402,0.021195,0.014368,0.54383,0.26069,0.061493,0.12941,0.046865,0.016994,-5.8043,5.1622,0.00049162,0.50363,0.50364,0.0074413,0.010715,0.0063115,0.0071308,0.0069223,0.0032983,0.004346,0.0063564,0.012143,0.007188,0.0023596,0.0024972,0.0013943
3,-87.954,110.46,0.0010568,4.2332,4.2332,0.01865,0.02327,0.13428,0.11455,0.077006,0.026439,0.030297,0.021058,-73.275,83.972,0.0013927,3.699,3.699,0.012191,0.010757,0.14641,0.079637,0.043323,0.027384,0.021313,0.010333,-68.819,72.848,0.0023091,3.3939,3.3939,0.0078673,0.0077954,0.020778,0.032027,0.023421,0.0056804,0.0080785,0.0059705,-442.66,369.2,-0.060233,39.097,39.097,0.15894,0.15235,0.41473,0.27203,0.077237,0.096467,0.043157,0.022786,-5.8878,5.3465,0.00077172,0.48328,0.48328,0.0087869,0.011138,0.0064992,0.0071901,0.0060394,0.0035422,0.0031999,0.0062102,0.011527,0.005075,0.0021562,0.002219,0.0012415
3,-38.835,34.7,0.001688,2.4724,2.4724,0.019638,0.018667,0.10248,0.1223,0.082271,0.023109,0.029882,0.019165,-36.515,34.471,0.0016333,2.3331,2.3331,0.011666,0.0074719,0.11058,0.080979,0.054849,0.023825,0.02102,0.0094828,-28.703,27.543,0.00091352,2.4505,2.4505,0.0060341,0.0073644,0.017485,0.030012,0.017759,0.005,0.0079242,0.0049415,-500.02,500.0,-2.2074,62.988,62.95,0.70939,0.36633,0.41677,0.34833,0.17561,0.083072,0.046656,0.047258,-2.476,2.4127,0.00055055,0.4062,0.4062,0.0081852,0.011207,0.0060501,0.0081483,0.0060274,0.0036219,0.003006,0.0059592,0.010483,0.0048957,0.0024959,0.0023779,0.0013768
3,-28.703,31.358,0.0042002,2.53,2.53,0.017876,0.02071,0.11348,0.10147,0.064717,0.024578,0.02807,0.016417,-23.591,21.699,0.0017441,2.3226,2.3226,0.011789,0.0089217,0.12389,0.067985,0.054665,0.025346,0.019738,0.0081066,-44.572,43.046,0.0019555,2.416,2.416,0.005836,0.0026269,0.018298,0.024445,0.015019,0.0055827,0.0083132,0.0042659,-28.55,39.369,1.2441,2.3276,1.9672,0.042349,0.022748,0.11892,0.057557,0.037464,0.03075,0.016827,0.0058669,-2.5336,2.5106,0.001198,0.41819,0.41819,0.0064642,0.011258,0.0069344,0.0068786,0.0060024,0.0039024,0.0034508,0.0065865,0.011515,0.0052319,0.0028077,0.0023683,0.0013734
3,-39.384,43.992,0.0030344,2.8204,2.8204,0.017629,0.027498,0.1026,0.097483,0.075684,0.023575,0.028483,0.019591,-37.034,43.229,0.0020274,2.2899,2.2899,0.012317,0.015347,0.11287,0.069606,0.038007,0.024043,0.020058,0.010088,-24.277,25.208,0.0015479,1.7496,1.7496,0.0078993,0.0063617,0.018897,0.0276,0.025929,0.0054268,0.0079975,0.0059859,-11.994,26.612,0.4073,1.8299,1.784,0.036095,0.015253,0.19615,0.038332,0.039365,0.044329,0.011291,0.0025144,-2.7006,2.1536,0.00049293,0.40797,0.40797,0.0074341,0.010575,0.0065979,0.0080136,0.0066098,0.0035934,0.0035843,0.006775,0.010056,0.0049585,0.0028605,0.0023036,0.0013093
3,-29.511,34.227,0.002691,2.5315,2.5315,0.017783,0.026671,0.10739,0.12128,0.084045,0.024346,0.026336,0.015784,-31.083,37.935,0.0014927,2.2141,2.2141,0.012452,0.013676,0.11749,0.080967,0.043554,0.025134,0.018552,0.007895,-32.823,28.748,0.0020444,2.1532,2.1532,0.0072662,0.011849,0.020274,0.024832,0.014056,0.0055904,0.0078827,0.0040807,-15.412,20.173,0.11579,1.5817,1.5775,0.042434,0.014564,0.1455,0.03722,0.033951,0.036042,0.011038,0.0027408,-2.381,2.1824,0.00057166,0.3987,0.3987,0.0059382,0.011789,0.0062018,0.0062983,0.0064287,0.0035464,0.0036908,0.0062926,0.010659,0.005076,0.0024183,0.0021857,0.0012118
3,-18.433,19.41,0.00094638,2.7155,2.7155,0.018814,0.021874,0.1048,0.083926,0.070428,0.023216,0.025979,0.016048,-23.103,21.851,0.0017818,2.4082,2.4082,0.011621,0.01029,0.11436,0.057179,0.038425,0.024044,0.018503,0.0078763,-34.44,35.005,0.002343,2.7207,2.7207,0.008297,0.0021125,0.024237,0.026863,0.016606,0.0055018,0.0078001,0.0040984,-11.216,21.851,0.034005,1.3537,1.3533,0.045626,0.010419,0.087178,0.038974,0.034152,0.023922,0.011832,0.0030799,-2.1536,2.2284,0.0001358,0.38741,0.38741,0.0066411,0.01128,0.0065658,0.0058704,0.0060207,0.0034011,0.0035019,0.0064265,0.0099639,0.0046745,0.0022175,0.002115,0.0014053
3,-23.713,28.657,0.0037136,2.7931,2.7931,0.01856,0.021339,0.10861,0.10164,0.067371,0.024598,0.02916,0.016776,-35.569,25.071,0.0009939,2.4324,2.4324,0.011498,0.011058,0.12074,0.068376,0.044352,0.025527,0.020956,0.0082117,-34.547,34.41,0.0018299,2.5707,2.5707,0.006387,0.0033941,0.018645,0.025949,0.016756,0.0056233,0.0084119,0.004311,-17.35,31.8,0.0080501,1.4486,1.4485,0.044423,0.0079195,0.09829,0.042704,0.044142,0.024605,0.012494,0.0036644,-2.4271,2.7438,0.00059962,0.39798,0.39798,0.0065837,0.010733,0.0059051,0.0069231,0.0067645,0.0033226,0.003516,0.00598,0.010808,0.0050899,0.0022832,0.0024422,0.0013423
3,-28.855,31.419,0.0016095,2.6736,2.6736,0.017685,0.02329,0.1215,0.084642,0.071537,0.024295,0.025008,0.015145,-34.379,27.406,0.0006153,2.4748,2.4748,0.011427,0.01225,0.13645,0.058264,0.048648,0.025372,0.017775,0.0073905,-32.777,33.494,0.0018253,2.765,2.765,0.0050633,0.0069714,0.027926,0.022344,0.020699,0.0059051,0.0067651,0.0037596,-17.228,34.318,0.0057173,1.53,1.53,0.040614,0.0050461,0.12977,0.043015,0.026955,0.034783,0.010656,0.0027428,-2.4271,2.2169,0.00013214,0.39832,0.39832,0.0071094,0.011911,0.005667,0.0060891,0.0061634,0.0035339,0.0033751,0.0058991,0.011397,0.0046856,0.0024278,0.0020885,0.0012053
1,-44.221,54.491,0.0035835,2.622,2.622,0.0044347,0.026685,0.24807,0.17937,0.11431,0.029884,0.036041,0.024799,-45.824,39.155,-0.0011948,2.3122,2.3122,0.015751,0.015227,0.26089,0.12254,0.047946,0.031339,0.025657,0.012063,-33.677,33.54,0.0033931,1.7107,1.7107,0.0026611,0.006118,0.056309,0.036938,0.021831,0.0082192,0.0098877,0.0062886,-450.03,222.95,0.011637,13.273,13.273,0.09065,0.099801,0.64055,0.52912,0.25671,0.08881,0.092413,0.078051,-2.7611,2.4703,0.00043797,0.4145,0.4145,0.0049046,0.0093827,0.004603,0.0045249,0.0033326,0.002415,0.0024336,0.0045135,0.014,0.0056623,0.0039618,0.0029412,0.0022441
1,-34.562,31.77,0.0034815,2.0747,2.0747,0.0051363,0.026133,0.22831,0.11198,0.087277,0.026419,0.02716,0.019722,-28.153,28.52,0.0022029,1.8709,1.8709,0.015418,0.014752,0.24408,0.079302,0.049148,0.027773,0.019219,0.010594,-23.103,23.927,0.0015705,1.4124,1.4124,0.0064258,0.0056889,0.068602,0.037742,0.016271,0.007635,0.0078456,0.0047909,-367.18,500.0,-0.060397,7.5383,7.5381,0.040558,0.087882,1.201,0.26188,0.039689,0.10389,0.046955,0.012398,-1.9088,2.1737,0.00023979,0.33847,0.33847,0.0055944,0.0082431,0.0040186,0.0039228,0.0033481,0.002013,0.0021406,0.0040842,0.0097114,0.0054729,0.0029679,0.0022344,0.0018425
1,-27.085,31.098,0.0017419,2.0311,2.0311,0.00488,0.028463,0.14574,0.089774,0.079319,0.022564,0.024912,0.021104,-29.695,37.111,0.00086296,1.8588,1.8588,0.015305,0.016836,0.1518,0.061706,0.040423,0.023367,0.017791,0.009998,-29.298,24.308,0.0019292,1.4998,1.4998,0.0019044,0.0039317,0.032466,0.02626,0.019011,0.0065739,0.0075083,0.0049794,-26.215,41.948,0.030477,4.34,4.3399,0.012067,0.0066626,0.70156,0.29327,0.03965,0.1072,0.04573,0.0015407,-2.0355,2.4501,0.00051015,0.34849,0.34849,0.0064099,0.0073117,0.0040224,0.0041245,0.0037686,0.0028442,0.0025548,0.0051209,0.010418,0.0053681,0.0037382,0.0022986,0.0015319
1,-46.205,57.253,-6.6586e-05,2.0259,2.0259,0.0050077,0.028889,0.085424,0.076368,0.09962,0.016819,0.024689,0.0219,-42.512,40.193,0.0015334,1.8074,1.8074,0.015474,0.016898,0.091876,0.055535,0.054383,0.017332,0.017564,0.011075,-45.198,47.685,0.0014993,1.5119,1.5119,0.0041112,0.010241,0.025167,0.028441,0.019694,0.0049634,0.0075387,0.0058032,-26.17,32.334,0.0089494,4.0157,4.0157,0.011573,0.0085681,0.58397,0.2702,0.028248,0.091916,0.040863,0.0015699,-2.0326,1.9722,0.00078286,0.35839,0.35839,0.0075499,0.011002,0.0044279,0.0051316,0.006456,0.0029255,0.00352,0.004405,0.0090558,0.0040869,0.0031656,0.0022555,0.0014545
1,-44.633,33.708,0.0023936,2.085,2.085,0.005268,0.026943,0.087135,0.097905,0.088855,0.01782,0.025567,0.022608,-39.338,32.075,0.0010049,1.8745,1.8745,0.015565,0.015303,0.092522,0.06736,0.045579,0.018518,0.018248,0.010882,-22.431,20.844,0.0021091,1.5114,1.5114,0.0040946,0.0045347,0.029492,0.030872,0.021676,0.0049483,0.008702,0.0060733,-29.527,33.753,0.0027729,4.4757,4.4757,0.0098801,0.003919,0.58935,0.29545,0.026829,0.096198,0.04904,0.0015554,-2.0586,2.047,0.0006851,0.35029,0.35029,0.0068263,0.01006,0.0051761,0.0047891,0.0058928,0.0026257,0.002702,0.003879,0.0095546,0.004394,0.002875,0.0020742,0.0014681
1,-29.466,24.842,0.0038644,2.0813,2.0813,0.0043305,0.026451,0.11979,0.092312,0.086919,0.021024,0.026213,0.021715,-23.774,28.581,0.0016066,1.8427,1.8427,0.015582,0.015148,0.12849,0.064603,0.053378,0.021865,0.01871,0.01046,-22.446,22.996,0.00027195,1.4371,1.4371,0.0041546,0.0032493,0.024508,0.030737,0.018806,0.0054807,0.0083958,0.0055996,-30.03,40.62,0.012594,5.1829,5.1829,0.0089173,0.003665,0.7001,0.36638,0.030795,0.1143,0.056825,0.0012887,-1.9117,2.1277,0.00035122,0.36515,0.36515,0.0069565,0.010988,0.005491,0.004768,0.005652,0.0025957,0.002798,0.0045283,0.010209,0.005662,0.0029945,0.002048,0.0014416
1,-28.748,30.32,0.00464,2.0981,2.0981,0.0053375,0.024611,0.10702,0.096783,0.10044,0.018328,0.024939,0.023049,-28.52,25.376,0.0016336,1.8088,1.8088,0.015345,0.015015,0.10852,0.065788,0.045848,0.018948,0.017825,0.010959,-17.426,18.845,0.00044273,1.4319,1.4319,0.0017246,0.0097188,0.020845,0.025715,0.020207,0.0050154,0.0074697,0.0057056,-36.988,45.503,0.0073,4.8907,4.8907,0.0082395,0.0068853,0.59425,0.32937,0.025936,0.099193,0.056529,0.0012985,-1.9261,2.1248,0.00053014,0.36402,0.36402,0.0070484,0.010343,0.0059868,0.0043297,0.0072217,0.0031871,0.00296,0.0045557,0.0095444,0.0042653,0.003114,0.0024452,0.0013642
1,-40.62,41.002,0.0019622,2.6582,2.6582,0.0045874,0.026652,0.17649,0.13041,0.12011,0.023593,0.032704,0.029626,-38.545,39.033,0.0013723,2.4236,2.4236,0.015929,0.014949,0.18664,0.088251,0.070262,0.025011,0.023323,0.014674,-28.474,26.566,0.0013795,1.8755,1.8755,0.0042058,0.0031535,0.032316,0.036157,0.026594,0.0062552,0.0099081,0.0081902,-28.901,63.066,0.0058069,4.9403,4.9403,0.013012,0.0092665,0.8549,0.3416,0.024286,0.10639,0.067699,0.0015912,-2.7956,2.5192,0.00046757,0.38159,0.38159,0.0066526,0.010506,0.0056528,0.0044632,0.0076644,0.0031903,0.0025223,0.0045826,0.010355,0.0048701,0.003262,0.0025603,0.0015233
1,-32.853,32.258,0.003327,2.0542,2.0542,0.0051014,0.02464,0.18644,0.10251,0.11084,0.023743,0.025138,0.021584,-28.459,34.181,0.0021247,1.8317,1.8317,0.015286,0.013209,0.19634,0.069363,0.052588,0.025197,0.018006,0.010513,-26.383,28.169,0.0024039,1.4052,1.4052,0.003827,0.0032466,0.039485,0.02618,0.019116,0.0056414,0.0075097,0.0057182,-32.777,105.9,0.0030087,5.2118,5.2118,0.0065667,0.017795,1.1091,0.33973,0.034592,0.11329,0.064636,0.0021108,-1.7966,2.096,0.00057369,0.34946,0.34946,0.0068086,0.010639,0.0054485,0.0047091,0.0067611,0.0030787,0.0020574,0.0038152,0.0094407,0.0047116,0.0024099,0.0021485,0.0014953
1,-58.947,54.155,0.0028432,2.5626,2.5626,0.0047498,0.029659,0.2413,0.090376,0.12473,0.024908,0.027153,0.026819,-44.465,46.129,0.0017029,2.2478,2.2478,0.015395,0.017296,0.25441,0.071685,0.06864,0.026408,0.019696,0.012593,-29.191,30.076,0.0011903,1.6249,1.6249,0.0047401,0.0073543,0.041941,0.027019,0.022953,0.0059071,0.0075115,0.0067061,-38.011,84.964,0.0036053,5.0524,5.0524,0.01132,0.011377,1.2014,0.28186,0.034388,0.11035,0.064116,0.0018995,-2.0931,2.168,8.8665e-05,0.35863,0.35863,0.0065517,0.010526,0.0053925,0.0048741,0.0063366,0.0031192,0.002214,0.0038056,0.010377,0.0048938,0.0022797,0.0024688,0.0014254
1,-43.016,54.872,0.0041216,2.3185,2.3185,0.0048667,0.026223,0.20712,0.10836,0.092592,0.025507,0.028122,0.024167,-36.79,42.665,0.0031916,2.0403,2.0403,0.015332,0.014539,0.21624,0.072705,0.058664,0.026988,0.020256,0.011967,-32.945,27.116,0.0014659,1.5619,1.5619,0.0039682,0.0023488,0.031379,0.027543,0.023726,0.0057657,0.0074529,0.0063354,-26.597,57.115,0.0049683,4.3303,4.3303,0.0090679,0.0069176,0.74695,0.26359,0.037249,0.088462,0.055419,0.0013873,-2.4588,2.6113,0.00070756,0.37617,0.37617,0.0074521,0.010727,0.0056556,0.0045225,0.006702,0.0032784,0.0020505,0.0038431,0.011805,0.004826,0.0018908,0.0024846,0.0013423
1,-47.411,47.166,0.0029766,2.1512,2.1512,0.0059396,0.028802,0.12974,0.091092,0.096616,0.019657,0.025301,0.02305,-50.172,47.517,0.0014035,1.9205,1.9205,0.015354,0.016876,0.13671,0.069112,0.04472,0.020587,0.018164,0.011105,-34.7,27.085,0.0033745,1.4939,1.4939,0.0042602,0.0036399,0.030233,0.025791,0.022646,0.0048527,0.0074481,0.0060869,-24.72,41.215,0.0023825,3.1719,3.1719,0.0077379,0.0053054,0.44919,0.16365,0.025512,0.061437,0.034861,0.0015058,-2.0442,2.1996,0.00036238,0.35135,0.35135,0.0065371,0.010576,0.0063911,0.0048394,0.0061782,0.003135,0.0020608,0.0038886,0.0095798,0.0045967,0.002212,0.0023565,0.0011588
1,-27.68,27.955,0.0027617,2.0542,2.0542,0.0057874,0.026697,0.14509,0.087386,0.092112,0.018906,0.025061,0.021347,-25.971,28.367,0.0024623,1.8366,1.8366,0.015814,0.014965,0.15441,0.061224,0.05273,0.019626,0.017966,0.010604,-23.469,21.119,0.0023082,1.444,1.444,0.0044433,0.0056812,0.03026,0.02704,0.024237,0.004507,0.0074637,0.0057933,-21.989,38.179,0.00098658,2.9107,2.9107,0.0081812,0.0095645,0.46815,0.1275,0.037402,0.059985,0.02931,0.0015,-1.8254,1.8311,0.00016667,0.34174,0.34174,0.0069581,0.010271,0.0057832,0.0045834,0.0066472,0.0032362,0.002049,0.003873,0.0081304,0.0047216,0.0022781,0.0021297,0.0012366
1,-29.344,29.45,0.0019737,2.3128,2.3128,0.0052488,0.027594,0.1523,0.11518,0.11008,0.022952,0.028363,0.024394,-31.51,26.704,0.00078035,2.0663,2.0663,0.01524,0.015445,0.15929,0.080035,0.055266,0.023687,0.020209,0.011844,-23.164,22.492,0.0015558,1.6198,1.6198,0.0028679,0.0060726,0.032759,0.032063,0.021606,0.0054055,0.009075,0.0065872,-23.057,26.46,-0.0016906,3.1454,3.1454,0.0080689,0.006664,0.55554,0.11632,0.03262,0.07241,0.02946,0.0017874,-2.0586,2.2371,6.4643e-05,0.36808,0.36808,0.0084006,0.010981,0.0058971,0.0050397,0.006537,0.0033996,0.0023838,0.0043152,0.0094452,0.0046461,0.0030878,0.0024398,0.0014198
1,-36.592,36.409,0.0007662,2.1224,2.1224,0.0049787,0.026524,0.1155,0.087639,0.097407,0.018182,0.02451,0.023171,-51.393,39.247,0.0013881,1.8891,1.8891,0.014933,0.015421,0.12396,0.058644,0.05303,0.018916,0.017451,0.011493,-29.725,26.49,0.0032385,1.4875,1.4875,0.0021487,0.0067924,0.034617,0.028482,0.021364,0.0052889,0.0075277,0.0061141,-21.21,32.96,0.0002306,3.0226,3.0226,0.0095193,0.0063825,0.48093,0.12646,0.028123,0.058304,0.028067,0.0020527,-2.0413,1.9088,2.3033e-05,0.34597,0.34597,0.0068889,0.01047,0.0056633,0.004753,0.0065844,0.0031192,0.0020699,0.004081,0.0083326,0.0053529,0.0029366,0.0021846,0.001092
1,-33.845,35.813,0.0037625,1.9617,1.9617,0.0052487,0.025111,0.10811,0.085174,0.083264,0.016351,0.022354,0.020615,-28.977,33.464,0.00060599,1.7293,1.7293,0.015238,0.014212,0.11523,0.056434,0.048483,0.016781,0.015925,0.0097741,-20.829,24.857,0.0020647,1.2995,1.2995,0.0024286,0.0052587,0.025405,0.026879,0.021674,0.0043698,0.0071862,0.0053262,-24.644,27.94,0.0013735,2.7467,2.7467,0.0099649,0.005524,0.29595,0.11815,0.03169,0.04681,0.026549,0.0020571,-1.9492,2.0787,0.00034472,0.35045,0.35045,0.0080458,0.010481,0.0055935,0.0051031,0.0064559,0.0033258,0.0023382,0.0039271,0.0083914,0.0048405,0.00328,0.0021984,0.0010542
1,-36.027,28.397,0.0017791,2.1388,2.1388,0.0052004,0.027702,0.1871,0.098034,0.088085,0.020815,0.025394,0.022364,-27.955,30.244,0.0013194,1.904,1.904,0.014876,0.015477,0.19553,0.06756,0.051173,0.021628,0.018134,0.010774,-21.119,20.92,0.0025804,1.4194,1.4194,0.0052839,0.0049722,0.04049,0.031856,0.020559,0.0054047,0.0077718,0.0059833,-21.165,38.896,8.7795e-05,2.9861,2.9861,0.0072242,0.0048916,0.47848,0.12997,0.039912,0.060754,0.029462,0.0020627,-2.2342,2.0211,0.00062962,0.36029,0.36029,0.0059174,0.011101,0.0053682,0.00514,0.0068067,0.0033306,0.0021933,0.0041819,0.009026,0.0060986,0.0029115,0.0020104,0.0013479
1,-27.787,34.852,0.0015976,2.0572,2.0572,0.0045734,0.028113,0.18655,0.094756,0.082426,0.020177,0.024234,0.020891,-26.185,28.26,0.0020232,1.8034,1.8034,0.015276,0.016033,0.19594,0.066054,0.040156,0.021138,0.017469,0.010104,-19.181,20.463,0.00020561,1.3393,1.3393,0.0022172,0.0067264,0.037006,0.027666,0.016616,0.0056996,0.0067727,0.0051716,-26.399,48.906,0.00030525,2.9721,2.9721,0.0065031,0.0033816,0.57569,0.10282,0.026838,0.067502,0.027978,0.0018732,-2.1104,1.8829,0.00083745,0.3531,0.3531,0.0074832,0.01086,0.0051474,0.0051749,0.006253,0.0030744,0.0020035,0.0037198,0.0088051,0.0058171,0.0022559,0.0019287,0.0013803
1,-31.098,31.816,0.0012219,2.125,2.125,0.0047531,0.025463,0.1399,0.092016,0.083343,0.023038,0.024472,0.021349,-30.732,34.471,0.00056203,1.9108,1.9108,0.015335,0.014168,0.14873,0.063587,0.042515,0.023941,0.017631,0.010674,-33.052,40.147,0.0015956,1.4258,1.4258,0.0020654,0.0043967,0.027717,0.031061,0.019057,0.0053971,0.0073959,0.0058355,-20.478,36.821,-0.00027183,2.9894,2.9894,0.011556,0.0041975,0.45816,0.13727,0.026982,0.069383,0.028833,0.0017072,-2.1651,2.2659,0.00065639,0.35166,0.35166,0.0057766,0.010917,0.004621,0.0045017,0.0064113,0.0031397,0.0021818,0.0040579,0.009867,0.0053033,0.0024219,0.0020802,0.0014204
1,-30.335,25.697,-0.00039501,2.0181,2.0181,0.0042361,0.029771,0.1214,0.074067,0.084135,0.019886,0.023538,0.02008,-28.581,24.674,0.0029179,1.7787,1.7787,0.015606,0.017311,0.13102,0.053614,0.043133,0.020625,0.016833,0.0097495,-20.6,20.844,0.00079576,1.307,1.307,0.004643,0.0060713,0.028883,0.020899,0.018734,0.0053554,0.006639,0.0053505,-19.227,33.464,1.677e-05,2.8683,2.8683,0.01086,0.0070759,0.44722,0.15982,0.033574,0.067375,0.027003,0.0014547,-1.9981,2.0701,0.00060709,0.34502,0.34502,0.0059753,0.010522,0.0048036,0.0045631,0.0063692,0.0030525,0.0019794,0.0038363,0.0097801,0.0044777,0.0025018,0.0019945,0.0015175
1,-28.611,38.835,0.00036582,2.8907,2.8907,0.005254,0.02253,0.14503,0.156,0.090605,0.028315,0.041088,0.025959,-26.399,28.886,-0.0028212,2.5399,2.5399,0.015428,0.012602,0.15119,0.10715,0.049903,0.029421,0.029199,0.01262,-23.576,27.238,0.004027,1.9208,1.9208,0.0038894,0.0053114,0.03136,0.038869,0.024356,0.0073225,0.011713,0.0065134,-22.34,42.314,0.069254,3.7419,3.7413,0.017337,0.016614,0.44839,0.1213,0.077191,0.091099,0.028626,0.0028966,-3.167,3.0749,0.00043747,0.46364,0.46364,0.0053291,0.011635,0.0051525,0.0048355,0.00345,0.0026816,0.0035715,0.0060104,0.01494,0.0059645,0.0038063,0.0032837,0.0022248
1,-30.274,30.351,0.0017795,2.4578,2.4578,0.0049876,0.026581,0.082372,0.12272,0.091208,0.023622,0.033997,0.022303,-24.827,31.755,0.00041025,2.1293,2.1293,0.014743,0.016247,0.096081,0.082669,0.050149,0.024788,0.024018,0.010341,-26.261,24.781,0.007421,1.6208,1.6208,0.0046065,0.0040975,0.024909,0.042276,0.021898,0.006242,0.010192,0.0054991,-19.898,34.379,-0.026424,4.5154,4.5153,0.009365,0.0027483,0.79968,0.17305,0.024624,0.1285,0.028265,0.0010917,-2.2025,2.3292,0.00042179,0.43099,0.43099,0.012222,0.0085462,0.0082288,0.0045766,0.0032417,0.002868,0.0028141,0.0059773,0.011308,0.0056472,0.0034863,0.0025043,0.0017492
1,-32.884,44.404,0.0035059,2.6635,2.6635,0.0060376,0.025898,0.090757,0.12511,0.12136,0.022401,0.033771,0.026734,-35.005,37.919,0.0012171,2.2801,2.2801,0.015625,0.014637,0.10164,0.08946,0.048293,0.023168,0.023933,0.011761,-29.74,27.039,0.0072043,1.9754,1.9754,0.0037951,0.0063166,0.021953,0.036088,0.025857,0.0059718,0.010485,0.0059652,-27.406,37.4,-0.006656,4.7539,4.7539,0.018731,0.0056606,0.56903,0.19899,0.034055,0.12753,0.036398,0.0013407,-2.214,2.1161,0.00052685,0.39963,0.39963,0.0063923,0.0091355,0.0061964,0.0040847,0.0035454,0.002503,0.0029941,0.0057364,0.011168,0.0053858,0.0029154,0.0024015,0.0017585
2,-36.699,37.126,0.0017348,1.8927,1.8927,0.012458,0.028412,0.088531,0.096444,0.072534,0.021632,0.025138,0.015966,-35.997,28.84,-9.7823e-05,1.6628,1.6629,0.018599,0.016148,0.098462,0.064724,0.069857,0.021924,0.017769,0.008075,-32.289,36.699,0.0064491,1.2429,1.2428,0.0043695,0.0045718,0.027461,0.029798,0.022211,0.0056813,0.0080594,0.0037362,-27.65,43.031,-0.0012207,4.498,4.498,0.045377,0.0042115,0.63863,0.15156,0.02662,0.12557,0.029632,0.0013309,-2.2745,2.5998,7.6682e-05,0.41129,0.41129,0.011261,0.010312,0.0058194,0.0073021,0.0054059,0.0032437,0.0036158,0.0057039,0.010222,0.0048516,0.0026902,0.0022485,0.0014797
2,-73.717,78.036,0.0019362,6.3308,6.3308,0.041892,0.018697,0.57788,0.26323,0.21096,0.061542,0.06691,0.06238,-67.141,78.921,0.0022408,5.495,5.495,0.016029,0.0082748,0.52546,0.19832,0.10064,0.057631,0.047992,0.030613,-51.408,54.796,0.0076,4.1371,4.1371,0.020238,0.0086013,0.12864,0.14175,0.072138,0.016545,0.023789,0.018324,-38.392,71.978,-0.0012103,5.876,5.876,0.096259,0.0068233,0.95106,0.17304,0.034786,0.16191,0.039754,0.002722,-9.6105,8.8216,0.00041612,1.0116,1.0116,0.012732,0.011075,0.0054731,0.0049933,0.0073057,0.0031758,0.011676,0.035495,0.03027,0.0073213,0.002713,0.0055553,0.01028
2,-79.424,76.312,0.0030875,5.8893,5.8894,0.06546,0.021364,0.37595,0.16287,0.20979,0.061528,0.050307,0.060476,-63.143,75.701,0.0012611,5.0739,5.0739,0.016006,0.009829,0.35531,0.13016,0.10149,0.057934,0.03676,0.029585,-48.967,55.01,0.0058418,3.9064,3.9064,0.045776,0.0047136,0.11108,0.11531,0.063269,0.015834,0.019467,0.017003,-52.66,98.712,0.0085683,7.1604,7.1604,0.19601,0.052169,1.2453,0.27017,0.027451,0.19457,0.046538,0.0033916,-11.105,11.087,0.00049842,1.5706,1.5706,0.018895,0.010271,0.0049381,0.0045671,0.0056317,0.0025669,0.0087049,0.035734,0.074517,0.00541,0.0020063,0.0033035,0.0078413
